483.5 , 356.5
483.5 , 356.5
448.5 , 284.5
448.5 , 284.5
427.5 , 248.5
427.5 , 248.5
420.5 , 136.5
419.5 , 132.5
419.5 , 132.5
420.0 , 132.5
418.0 , 132.5
419.5 , 132.5
419.5 , 132.5
420.0 , 132.5
425.0 , 132.5
420.5 , 132.5
418.5 , 128.5

Ball: 2
straight
420.0 , 220.5
415.5 , 232.5
415.5 , 232.5
423.5 , 224.5
423.5 , 224.5
424.0 , 228.5
424.0 , 228.5
423.5 , 228.5
423.5 , 228.5
427.5 , 229.0
427.5 , 229.0
451.5 , 184.5
451.5 , 184.5
451.5 , 184.5
451.5 , 184.5
451.5 , 184.5
451.5 , 184.5
455.5 , 184.5
455.5 , 184.5
451.0 , 378.0
451.0 , 378.0
443.5 , 364.5
443.5 , 364.5
407.5 , 311.0
407.5 , 311.0

Ball: 3
cover
431.0 , 104.5
432.5 , 104.5
435.0 , 112.5
436.5 , 112.5
447.5 , 124.5
447.5 , 124.5
442.0 , 188.5
442.0 , 188.5
439.5 , 180.5
443.5 , 184.5
443.5 , 184.5
443.5 , 181.0
444.0 , 181.0
444.0 , 180.5
445.0 , 180.5
443.5 , 181.0
443.5 , 180.5
445.0 , 181.0
445.0 , 180.5
479.5 , 366.5
479.5 , 366.5
415.5 , 273.0
415.5 , 273.0

Ball: 4
cover


470.0 , 116.5
419.5 , 109.0
419.5 , 104.5
434.0 , 96.5
434.0 , 96.5
438.0 , 105.0
443.5 , 128.5
443.5 , 128.5
443.5 , 124.5
447.5 , 144.5
447.5 , 144.5
455.5 , 152.5
455.5 , 152.5
455.5 , 160.5
455.5 , 160.5
459.5 , 172.5
459.5 , 172.5
455.5 , 180.5
455.5 , 180.5
459.5 , 180.5
459.5 , 180.5
459.5 , 184.5
415.5 , 232.5
415.0 , 232.5
415.0 , 232.5
371.5 , 300.5
371.5 , 300.5
371.5 , 300.5
371.5 , 300.5
371.5 , 300.5
371.5 , 300.5
371.5 , 300.5
371.5 , 300.5
371.5 , 300.5
371.5 , 300.5
499.5 , 357.0
499.5 , 357.0
443.5 , 260.5
443.5 , 260.5

Ball: 5
straight
413.0 , 220.5
413.0 , 220.5
413.5 , 220.5
413.5 , 220.5
413.0 , 220.5
419.5 , 113.0
420.5 , 112.5
420.0 , 112.5
379.5 , 284.5
385.0 , 275.0
523.5 , 366.5
523.5 , 366.5
523.5 , 366.5
487.5 , 304.5
471.5 , 277.0
471.5 , 277.0
471.5 , 277.0
443.5 , 225.0
372.0 , 128.5
372.0 , 132.5
372.0 , 132.5
412.5 , 136.5
413.5 , 136.5
413.5 , 136.5
413.5 , 136.5
413.5 , 136.5
412.5 , 136.5
412.5 , 136.5
411.5 , 140.5
411.5 , 140.5
411.5 , 140.5
411.5 , 136.5
411.5 , 132.5
379.5 , 284.5
379.5 , 284.5
375.5 , 284.5
375.5 , 284.5
379.5 , 288.5

Ball: 6
straight


379.5 , 288.5
379.5 , 288.5
379.5 , 292.5
387.5 , 284.5
387.5 , 284.5
387.5 , 276.5
387.5 , 276.5
391.5 , 274.0
391.5 , 274.0
391.5 , 264.5
391.5 , 264.5
399.5 , 264.5
399.5 , 264.5
399.5 , 262.5
399.5 , 262.5
401.921051025 , 262.078948975
401.921051025 , 262.078948975
407.5 , 252.5
407.5 , 252.5
411.5 , 244.625
411.5 , 244.625
409.0 , 103.0
408.5 , 101.5
371.0 , 297.5
479.5 , 328.5
479.5 , 328.5
465.5 , 300.5
465.5 , 300.5
439.5 , 252.5
439.5 , 252.5

Ball: 7
straight
391.5 , 256.5
391.5 , 256.5
399.5 , 248.5
399.5 , 248.5
411.0 , 228.5
411.0 , 228.5
411.5 , 228.5
411.5 , 228.5
411.5 , 220.5
411.5 , 220.5
413.0 , 224.5
413.0 , 224.5
413.5 , 224.5
413.5 , 228.0
414.0 , 224.5
414.0 , 224.5
414.0 , 224.5
414.0 , 224.5
434.0 , 188.5
434.0 , 188.5
434.0 , 188.5
434.0 , 188.5
483.5 , 344.5
483.5 , 344.5
467.5 , 312.5
467.5 , 312.5
439.5 , 264.5
439.5 , 264.5
413.5 , 220.5
413.5 , 220.5

Ball: 8
straight

519.5 , 370.5
519.5 , 370.5
484.5 , 312.5
484.5 , 312.5
467.5 , 288.5
467.5 , 288.5
441.5 , 236.5
441.5 , 236.5

Ball: 9
straight
375.5 , 302.0
375.5 , 302.0
375.5 , 296.5
375.5 , 296.5
383.5 , 292.5
383.5 , 292.5
391.5 , 288.5
391.5 , 288.5
387.0 , 280.5
387.0 , 280.5
395.5 , 272.5
395.5 , 272.5
400.090911865 , 268.272720337
400.090911865 , 268.272720337
399.5 , 260.5
399.5 , 260.5
402.54876709 , 259.548782349
402.54876709 , 259.548782349
413.5 , 108.0
413.5 , 108.0
420.5 , 112.5
420.5 , 112.5
434.0 , 96.5
434.0 , 96.5
439.5 , 124.5
439.5 , 124.5
443.5 , 132.5
443.5 , 132.5
447.5 , 144.5
447.5 , 144.5
452.5 , 160.5
452.5 , 160.5
375.5 , 108.5
375.5 , 108.5
413.5 , 112.5
413.5 , 112.5
413.5 , 112.5
413.5 , 112.5
411.5 , 112.5
411.5 , 108.875
413.5 , 108.791656494
413.5 , 108.5
413.5 , 108.5
413.5 , 108.5
411.5 , 108.5
411.5 , 108.5
411.5 , 108.5
411.5 , 112.5
411.5 , 112.5
411.5 , 112.5
412.5 , 108.5
412.5 , 108.5
412.5 , 108.5
412.5 , 108.5
411.5 , 108.375
411.5 , 108.5
411.5 , 108.5
411.5 , 108.5
411.5 , 108.5
411.5 , 108.5
411.5 , 108.5
411.5 , 108.5
491.5 , 366.5
491.5 , 366.5
471.5 , 324.5
471.5 , 324.5
439.5 , 276.5
439.5 , 276.5
415.5 , 228.5
415.5 , 228.5

Ball: 10
straight
510.5 , 348.5
510.5 , 348.5
492.5 , 311.0
492.5 , 311.0
451.5 , 248.5
451.5 , 248.5

Ball: 11
straight
411.5 , 108.5
411.5 , 108.5
412.045440674 , 112.5
412.045440674 , 112.5
411.5 , 108.0
411.5 , 108.0
411.5 , 108.5
412.5 , 112.5
412.5 , 112.5
412.5 , 112.5
411.5 , 112.5
411.5 , 109.0
411.5 , 108.5
411.5 , 108.5
411.5 , 108.5
411.5 , 108.5
411.5 , 108.5
411.5 , 108.375
411.5 , 108.375
411.5 , 108.5
411.5 , 108.5
411.5 , 108.5
411.5 , 108.0
411.5 , 108.5
483.5 , 317.0
483.5 , 317.0
443.0 , 256.5
443.0 , 256.5
431.5 , 228.5
431.5 , 228.5

Ball: 12
cover
387.5 , 268.0
387.5 , 268.0
391.5 , 264.5
391.5 , 264.5
398.344909668 , 263.095916748
398.344909668 , 263.095916748
399.5 , 252.5
399.5 , 252.5
407.927459717 , 246.110549927
407.927459717 , 246.110549927
411.5 , 240.5
411.5 , 240.5
415.5 , 236.5
415.5 , 236.5
415.7762146 , 232.588150024
415.7762146 , 232.588150024
415.5 , 232.5
419.5 , 224.5
417.5 , 228.5
417.5 , 228.5
418.5 , 228.021743774
418.5 , 228.021743774
421.5 , 228.5
507.5 , 370.5
507.5 , 370.5
467.5 , 312.5
467.5 , 312.5
452.5 , 284.5
452.5 , 284.5
423.5 , 232.5
423.5 , 232.5

Ball: 13
cover

411.5 , 220.5
411.5 , 220.5
411.5 , 220.5
411.5 , 220.5
416.0 , 221.0
416.0 , 221.0
499.5 , 364.5
499.5 , 364.5
455.0 , 293.0
455.0 , 293.0
439.5 , 260.5
439.5 , 260.5
411.5 , 220.5
411.5 , 220.5

Ball: 14
cover

411.5 , 109.0
411.5 , 109.0
412.0 , 108.5
412.0 , 108.5
412.5 , 108.5
412.5 , 108.5
412.5 , 108.833343506
412.5 , 108.833343506
411.5 , 108.875
376.0 , 294.0
399.5 , 256.5
380.0 , 292.5
379.5 , 292.5
379.5 , 292.5
379.5 , 292.5
379.5 , 292.5
379.5 , 292.5
379.5 , 292.5
501.5 , 374.5
501.5 , 374.5
463.5 , 314.5
463.5 , 316.5
448.0 , 289.5
448.0 , 289.5
415.5 , 236.5
415.5 , 236.5
391.5 , 288.5
391.5 , 288.5
392.5 , 289.0
392.5 , 289.0
395.5 , 288.5
395.5 , 288.5

Ball: 15
cover
399.5 , 293.5
399.5 , 293.5
399.5 , 288.5
395.5 , 300.5
395.5 , 300.5
371.5 , 292.5
371.5 , 292.5
371.5 , 292.5
379.5 , 292.5
520.0 , 344.5
520.0 , 344.5
496.5 , 312.5
496.5 , 312.5
459.5 , 252.5
459.5 , 252.5
435.5 , 212.5
435.5 , 212.5

Ball: 16
cover
411.5 , 124.5
411.5 , 124.875
411.5 , 124.5
411.5 , 124.125
412.0 , 124.0
443.5 , 184.5
439.5 , 188.5
439.5 , 188.5
379.5 , 100.5
379.5 , 100.5
379.5 , 100.5
379.5 , 100.5
379.5 , 100.5
379.5 , 100.5
379.5 , 101.0
379.5 , 105.0
443.5 , 189.0
443.5 , 189.0
411.5 , 132.5
441.0 , 187.0
441.0 , 187.0
371.5 , 293.5
371.5 , 293.5
371.5 , 293.5
371.5 , 293.5
375.5 , 292.5
375.5 , 292.5
375.5 , 292.5
375.5 , 292.5
375.5 , 292.5
379.5 , 293.0
379.5 , 292.5
379.5 , 292.5
379.5 , 292.5
379.5 , 292.5
379.5 , 292.5
379.5 , 292.5
495.5 , 350.0
495.5 , 350.0
477.5 , 312.5
435.5 , 248.5
435.5 , 248.5
435.5 , 248.5

Ball: 17
straight
373.0 , 298.0
512.5 , 374.5
512.5 , 374.5
475.5 , 315.5
475.5 , 315.5
451.5 , 284.5
451.5 , 284.5
420.5 , 228.0
420.5 , 228.0

Ball: 18
straight

397.5 , 262.5
397.5 , 262.5
399.5 , 254.5
399.5 , 254.5
399.5 , 248.5
399.5 , 248.5
399.5 , 244.5
399.5 , 244.5
520.0 , 370.5
520.0 , 370.5
487.5 , 310.5
487.5 , 310.5
455.5 , 252.5
455.5 , 252.5
441.5 , 228.5
441.5 , 228.5

Ball: 19
cover

380.5 , 296.5
381.078948975 , 298.921051025
381.078948975 , 298.921051025
381.078948975 , 298.921051025
381.078948975 , 298.921051025
384.0 , 300.5
379.5 , 304.5
379.5 , 304.5
383.5 , 305.5
383.5 , 305.5
383.5 , 305.5
383.5 , 305.5
383.5 , 305.5
383.5 , 305.5
383.5 , 305.5
383.5 , 305.5
383.5 , 305.5
383.5 , 305.5
383.5 , 305.5
383.5 , 305.5
383.5 , 305.5
383.5 , 305.5
383.5 , 305.5
384.0 , 305.5
384.0 , 305.5
383.5 , 305.5
383.5 , 305.5
383.5 , 305.5
383.5 , 305.5
383.5 , 305.5
383.5 , 304.5
383.5 , 304.5
383.5 , 304.5
383.5 , 304.5
383.5 , 304.5
383.5 , 304.5
383.5 , 304.5
383.5 , 304.5
383.5 , 304.5
383.5 , 304.5
383.5 , 308.5
387.5 , 308.5
387.5 , 308.5
387.5 , 308.5
475.5 , 332.5
475.5 , 332.5
448.0 , 280.5
448.0 , 280.5
431.5 , 252.5
431.5 , 252.5

Ball: 20
cover
399.5 , 264.5
399.5 , 264.5
399.5 , 260.5
399.5 , 260.5
399.5 , 252.5
399.5 , 252.5
427.5 , 212.5
427.5 , 212.5
427.5 , 212.5
507.5 , 347.5
507.5 , 347.5
487.5 , 316.5
487.5 , 316.5
451.5 , 262.0
451.5 , 262.0

Ball: 21
straight

388.0 , 260.5
388.0 , 260.5
403.5 , 240.5
403.5 , 240.5
403.5 , 236.5
403.5 , 236.5
488.5 , 336.5
488.5 , 336.5
455.5 , 280.5
455.5 , 280.5
439.5 , 252.5
439.5 , 252.5
419.5 , 212.5
419.5 , 212.5
412.5 , 132.5
412.5 , 132.5
413.5 , 129.0
413.5 , 129.0
413.5 , 128.5
413.5 , 128.5

Ball: 22
straight
415.5 , 108.5
419.5 , 124.05355835
419.5 , 124.05355835
445.5 , 104.5
445.5 , 104.5
415.5 , 232.5
415.5 , 232.5
415.5 , 232.5
415.5 , 232.5
423.5 , 236.5
423.5 , 236.5
433.5 , 236.0
433.5 , 236.0
419.5 , 128.5
419.5 , 128.5
442.0 , 180.5
442.0 , 180.5
439.5 , 180.5
439.5 , 180.5
436.970581055 , 188.5
436.970581055 , 188.5
436.25 , 188.5
436.25 , 188.5
435.0 , 196.5
415.5 , 101.0
415.5 , 102.0
459.5 , 340.5
459.5 , 340.5
431.5 , 288.5
431.5 , 288.5
415.5 , 264.5
415.5 , 264.5
379.5 , 180.5
379.5 , 172.625
379.5 , 172.5
379.5 , 172.5
379.5 , 172.5

Ball: 23
cover

411.5 , 220.5
411.5 , 220.5
411.5 , 220.5
411.5 , 220.5
411.5 , 220.5
411.5 , 220.5
411.5 , 224.5
411.5 , 224.5
415.0 , 224.0
415.0 , 224.0
415.5 , 228.5
415.5 , 228.5
415.0 , 228.0
415.0 , 228.0
459.5 , 336.5
459.5 , 336.5
427.5 , 288.5
427.5 , 288.5
415.5 , 268.5
415.5 , 268.5

Ball: 24
cover

495.5 , 374.5
495.5 , 374.5
419.5 , 258.5
419.5 , 258.5
407.5 , 240.5
407.5 , 240.5

Ball: 27
cover

407.433319092 , 240.433334351
407.433319092 , 240.433334351
538.0 , 378.0
538.0 , 378.0
503.5 , 308.5
503.5 , 308.5

Ball: 28
straight
387.5 , 260.5
495.5 , 328.5
495.5 , 328.5
479.5 , 300.5
479.5 , 300.5
443.5 , 244.625
443.5 , 244.625

Ball: 29
cover
395.5 , 256.5
395.5 , 256.5
403.5 , 248.0
403.5 , 248.0
403.5 , 244.5
403.5 , 244.5
407.5 , 240.5
407.5 , 240.5
407.5 , 240.5
407.5 , 240.5
407.5 , 240.5
407.5 , 240.5
407.5 , 240.5
407.5 , 240.5
411.5 , 228.5
411.5 , 228.5
411.5 , 232.5
411.5 , 232.5
411.5 , 232.5
411.5 , 232.5
411.5 , 232.5
411.5 , 232.5
411.5 , 232.5
411.5 , 232.5
371.5 , 297.0
531.5 , 362.5
531.5 , 362.5
489.5 , 296.5
489.5 , 296.5
469.5 , 268.5
469.5 , 268.5
443.5 , 216.5
443.5 , 216.5

Ball: 30
straight
395.5 , 248.5
395.5 , 248.5
395.5 , 264.5
395.5 , 264.5
403.5 , 253.0
403.0 , 253.0
406.977020264 , 252.701156616
406.977020264 , 252.701156616
495.5 , 324.5
495.5 , 324.5
479.5 , 296.5
479.5 , 296.5
447.5 , 242.5
447.5 , 242.5
371.0 , 116.5
371.0 , 116.5
417.0 , 133.5
417.0 , 133.5
419.5 , 101.0
419.5 , 101.0
419.0 , 100.5
419.78125 , 100.78125
432.0 , 100.5
419.5 , 104.09375

Ball: 31
straight
419.5 , 124.5
419.5 , 124.5
447.5 , 120.5
447.5 , 120.5
415.5 , 228.5
415.5 , 228.5
479.5 , 116.5
479.5 , 116.5
427.5 , 228.5
427.5 , 228.5
435.5 , 228.5
435.5 , 228.5
495.5 , 152.5
495.5 , 152.5
495.5 , 160.5
495.5 , 160.5
435.5 , 236.5
435.5 , 236.5
435.5 , 236.5
435.0 , 237.0
435.5 , 232.5
435.5 , 232.5
491.5 , 168.5
491.5 , 168.5
427.5 , 212.5
427.5 , 212.5
427.5 , 212.5
427.5 , 212.5
371.5 , 300.5
474.5 , 332.5
474.5 , 332.5
455.5 , 304.5
455.5 , 304.5
427.5 , 248.5
427.5 , 248.5

Ball: 32
cover
403.5 , 244.5
403.5 , 244.5
407.5 , 232.5
407.5 , 232.5
407.5 , 232.5
403.5 , 236.5
403.5 , 236.5
403.5 , 236.5
407.5 , 228.5
407.5 , 228.5
407.5 , 228.5
407.5 , 228.5
411.5 , 224.5
411.5 , 224.5
411.5 , 224.5
413.5 , 224.5
413.5 , 224.5
503.5 , 366.5
503.5 , 366.5
463.5 , 308.5
463.5 , 308.5
447.5 , 284.5
447.5 , 284.5
447.5 , 284.5
370.0 , 116.5
370.0 , 116.5
370.0 , 116.5
370.0 , 116.5
371.5 , 172.5

Ball: 33
cover
395.5 , 260.5
395.5 , 260.5
483.5 , 328.5
483.5 , 328.5
447.5 , 275.5
447.5 , 275.5
427.5 , 248.5
427.5 , 248.5

Ball: 34
cover

475.375 , 332.5
475.375 , 332.5
455.5 , 304.5
455.5 , 304.5
419.5 , 252.5
419.5 , 252.5

Ball: 37
cover
415.5 , 220.5
415.5 , 220.5
417.5 , 220.5
417.5 , 220.5
416.0 , 221.0
416.0 , 221.0
479.5 , 364.5
479.5 , 364.5
451.5 , 321.0
451.5 , 321.0
415.5 , 268.5
415.5 , 268.5

Ball: 38
cover
369.5 , 313.0
432.5 , 108.5
433.0 , 108.5
431.5 , 120.5
431.5 , 120.5
447.5 , 132.5
447.5 , 132.5
459.5 , 154.5
371.5 , 305.5
371.5 , 305.5
512.5 , 370.5
512.5 , 370.5
491.5 , 332.5
491.5 , 332.5
455.5 , 276.5
455.5 , 276.5
419.5 , 220.5
419.5 , 220.5

Ball: 39
cover

411.5 , 220.5
411.5 , 220.5
412.0 , 220.5
412.0 , 220.5
411.5 , 224.5
411.5 , 224.5
415.0 , 220.5
415.0 , 220.5
416.5 , 221.152175903
416.5 , 221.152175903
416.5 , 220.5
416.5 , 220.5
419.5 , 216.5
419.5 , 216.5
389.0 , 252.5
505.203704834 , 330.203704834
505.203704834 , 330.203704834
465.5 , 276.5
465.5 , 276.5
443.5 , 248.5
443.5 , 248.5

Ball: 40
cover

435.5 , 212.5
435.5 , 212.5
435.5 , 213.0
435.5 , 213.0
431.5 , 212.5
431.5 , 212.5
431.5 , 212.5
431.5 , 212.5
371.5 , 136.0
411.5 , 128.5
411.5 , 128.5
411.5 , 128.5
499.5 , 370.5
499.5 , 370.5
479.5 , 340.5
479.5 , 340.5
431.5 , 277.0
431.5 , 277.0

Ball: 41
cover
429.0 , 108.5
435.5 , 108.5
439.5 , 100.5
443.5 , 116.0
443.5 , 116.0
454.5 , 120.5
459.5 , 120.0
459.5 , 120.5
459.5 , 120.5
465.5 , 120.5
465.5 , 120.5
467.5 , 120.5
467.5 , 120.5
467.5 , 120.5
471.5 , 128.5
471.5 , 128.5
471.5 , 128.5
471.5 , 128.5
471.5 , 128.0
466.5 , 128.0
466.5 , 128.0
467.5 , 128.5
459.5 , 128.5
459.5 , 128.5
459.5 , 128.5
459.5 , 128.5
459.5 , 128.5
456.5 , 124.5
456.5 , 124.5
444.5 , 132.345062256
444.5 , 132.345062256
439.5 , 104.5
439.5 , 104.5
399.5 , 272.5
516.5 , 370.5
516.5 , 370.5
483.5 , 312.5
483.5 , 312.5
455.5 , 275.5
451.5 , 275.0
423.5 , 220.5
423.5 , 220.5

Ball: 42
cover
379.5 , 298.5
379.5 , 298.5
380.5 , 298.5
383.5 , 296.5
383.5 , 296.5
386.566680908 , 294.5
386.566680908 , 294.5
395.0 , 288.059997559
395.5 , 287.900001526
438.204071045 , 100.091827393
438.204071045 , 100.091827393
447.5 , 120.5
447.5 , 120.5
451.5 , 124.5
451.5 , 124.5
463.5 , 140.5
463.5 , 140.5
471.5 , 148.5
471.5 , 148.5
511.5 , 366.5
511.5 , 366.5
467.5 , 302.5
467.5 , 302.5
431.5 , 244.5
431.5 , 244.5
419.5 , 225.5
419.5 , 225.5
419.5 , 100.5
419.5 , 100.5
419.5 , 100.5
378.5 , 320.85483551
378.5 , 320.85483551
383.5 , 362.5
383.5 , 362.5
379.5 , 332.5
379.5 , 332.5
379.5 , 320.5
379.5 , 320.5

Ball: 43
cover
373.078948975 , 318.078948975
371.5 , 316.5
371.5 , 316.5
403.5 , 240.5
403.5 , 240.5
403.5 , 240.5
419.5 , 116.5
434.5 , 104.5
434.5 , 104.5
443.5 , 116.5
443.5 , 116.5
453.5 , 120.5
453.5 , 120.5
459.5 , 130.5
459.5 , 130.5
467.5 , 142.5
467.5 , 142.5
463.5 , 160.5
463.5 , 160.5
471.5 , 172.5
471.5 , 172.5
428.0 , 240.5
428.0 , 240.5
431.5 , 236.5
443.5 , 224.5
431.5 , 236.5
431.5 , 236.5
431.5 , 244.5
431.5 , 244.5
431.5 , 248.5
431.5 , 248.5
431.5 , 248.5
431.5 , 248.5
443.5 , 240.5
443.5 , 240.5
443.5 , 240.5
444.0 , 244.5
444.0 , 244.5
431.5 , 256.5
431.5 , 256.5
427.4375 , 213.0
427.5 , 213.0
475.5 , 324.5
475.5 , 324.5
457.5 , 300.5
457.5 , 300.5
423.5 , 247.0
423.5 , 247.0

Ball: 44
cover

413.0 , 124.5
413.0 , 124.5
420.0 , 120.5
420.5 , 121.0
434.0 , 77.0
434.0 , 76.5
438.0 , 105.0
438.0 , 105.0
438.0 , 112.5
437.5 , 112.5
442.0 , 117.0
441.5 , 117.5
443.5 , 116.5
443.5 , 116.5
442.5 , 112.5
442.5 , 112.5
443.5 , 112.5
443.5 , 112.5
438.5 , 116.5
438.5 , 116.5
438.5 , 116.5
439.0 , 116.5
435.5 , 120.5
435.5 , 120.5
432.0 , 125.0
435.0 , 113.0
429.5 , 116.0
428.5 , 116.097229004
443.5 , 188.5
443.0 , 188.5
379.5 , 228.5
379.5 , 228.5
515.0 , 366.5
515.0 , 366.5
483.5 , 312.5
483.5 , 312.5
457.5 , 259.5
457.5 , 259.5
443.5 , 240.5
443.5 , 240.5
411.5 , 128.5
411.5 , 128.5
415.5 , 132.5
416.5 , 128.5
415.0 , 129.0
415.5 , 128.5
411.5 , 128.0
411.5 , 128.0
411.5 , 124.5
411.5 , 124.5

Ball: 45
straight
443.5 , 184.5
443.5 , 184.5
446.0 , 184.5
446.0 , 184.5
445.5 , 184.5
445.5 , 184.5
443.5 , 188.5
443.5 , 188.5
443.5 , 188.375
443.5 , 188.375
443.5 , 188.5
443.5 , 188.5
443.0 , 188.5
443.0 , 188.5
442.0 , 188.5
442.0 , 188.5
395.0 , 252.5
395.0 , 252.5
524.0 , 374.5
491.5 , 316.5
491.5 , 316.5
491.5 , 316.5
455.5 , 260.5
455.5 , 260.5
443.5 , 232.5
443.5 , 232.5

Ball: 46
straight
387.5 , 108.5
387.5 , 108.5
403.5 , 30.0
403.5 , 30.0
403.5 , 28.5
379.5 , 300.5
379.5 , 300.5
387.5 , 261.0
387.5 , 261.0
391.5 , 256.5
395.5 , 277.0
395.5 , 277.0
395.5 , 277.0
399.5 , 272.5
399.5 , 272.5
399.5 , 272.5
403.5 , 263.108688354
403.5 , 263.108688354
403.5 , 263.108688354
407.5 , 248.5
407.5 , 244.5
407.5 , 244.5
407.5 , 244.5
403.5 , 240.8125
403.5 , 236.5
403.5 , 236.5
403.5 , 236.5
403.375 , 236.5
407.5 , 228.5
413.5 , 224.5
413.5 , 224.5
415.5 , 224.5625
415.5 , 224.5625
420.5 , 220.291671753
420.5 , 220.291671753
420.0 , 220.0
420.0 , 220.0
420.0 , 220.0
418.5 , 220.021743774
418.5 , 220.5
418.5 , 220.5
420.5 , 220.5
420.5 , 220.5
414.5 , 100.5
414.5 , 100.5
395.5 , 252.5
395.5 , 252.5
527.5 , 362.5
527.5 , 362.5
507.0 , 326.5
507.0 , 326.5
468.5 , 268.5
468.5 , 268.5
445.220489502 , 216.704971313
445.220489502 , 216.704971313

Ball: 47
straight
391.5 , 284.5
391.5 , 284.5
395.5 , 280.5
395.5 , 280.5
399.5 , 265.5
399.5 , 265.5
399.5 , 264.5
399.5 , 264.5
399.5 , 256.5
399.5 , 256.5
403.5 , 252.5
403.5 , 252.5
407.5 , 244.5
407.5 , 244.5
409.5 , 240.5
409.5 , 240.5
407.5 , 240.5
407.5 , 240.5
412.5 , 236.5
412.5 , 236.5
411.5 , 224.5
411.5 , 232.5
411.5 , 232.5
415.5 , 224.5
415.5 , 224.5
420.5 , 220.5
420.5 , 220.5
383.0 , 288.0
383.5 , 288.5
383.5 , 289.0
383.5 , 289.0
379.5 , 293.0
515.5 , 352.5
515.5 , 352.5
473.5 , 292.5
473.5 , 292.5
455.5 , 260.5
455.5 , 260.5
435.5 , 216.5
435.5 , 216.5
420.5 , 136.5
420.0 , 136.5
418.0 , 96.5
419.5 , 96.5
420.5 , 104.5
420.0 , 104.5
428.5 , 100.5
420.5 , 108.5
375.0 , 328.5
375.5 , 328.5
376.5 , 332.672416687
376.5 , 332.672416687
371.5 , 336.5
371.5 , 336.5

Ball: 48
straight

379.5 , 288.5
379.5 , 288.5
379.5 , 288.5
379.5 , 288.5
379.5 , 288.5
379.5 , 288.5
379.5 , 288.5
379.5 , 288.5
380.0 , 292.5
379.5 , 292.5
379.5 , 292.5
380.0 , 292.5
384.0 , 292.5
383.5 , 292.5
383.5 , 292.5
384.0 , 292.5
384.0 , 292.5
384.0 , 292.5
384.0 , 292.5
379.5 , 294.0
379.5 , 294.0
379.5 , 294.400001526
379.5 , 294.400001526
379.5 , 294.5
527.5 , 361.5
527.5 , 361.5
491.5 , 307.0
491.5 , 307.0
473.5 , 285.0
473.5 , 285.0

Ball: 50
cover
371.5 , 304.5
371.5 , 304.5
371.5 , 304.5
371.5 , 304.5
371.417602539 , 301.931816101
371.417602539 , 301.931816101
371.5 , 304.5
371.5 , 304.5
371.5 , 304.5
371.5 , 304.5
371.5 , 304.5
371.5 , 304.5
371.5 , 305.5
371.5 , 305.5
371.5 , 305.5
371.5 , 305.5
375.5 , 300.5
375.5 , 300.5
379.5 , 304.5
379.5 , 304.5
379.5 , 304.5
429.5 , 232.5
443.5 , 96.5
443.5 , 96.5
444.5 , 100.5
444.5 , 100.5
444.5 , 104.5
444.5 , 104.5
444.5 , 116.5
444.5 , 116.5
444.5 , 116.5
444.5 , 116.5
443.5 , 132.5
443.5 , 132.5
568.5 , 374.5
568.5 , 374.5
531.5 , 328.5
531.5 , 328.5
515.5 , 300.5
515.5 , 300.5
479.5 , 251.0
479.5 , 251.0
459.5 , 212.5
459.5 , 212.5

Ball: 51
straight
379.0 , 300.5
379.5 , 300.5
535.5 , 336.5
535.5 , 336.5
491.5 , 278.5
491.5 , 278.5
475.5 , 252.5
475.5 , 252.5
452.5 , 212.5
452.5 , 212.5

Ball: 52
straight
430.0 , 124.5
429.0 , 128.5
429.5 , 126.0
429.5 , 127.5
429.5 , 124.0
432.0 , 127.5
432.0 , 128.0
540.5 , 366.5
540.5 , 366.5
499.5 , 311.0
499.5 , 311.0
483.5 , 280.5
483.5 , 280.5
449.5 , 228.5
449.5 , 228.5

Ball: 53
cover
375.5 , 301.5
375.5 , 301.5
375.5 , 301.5
379.5 , 301.5
419.0 , 212.3125
419.0 , 212.3125
419.5 , 216.1875
419.5 , 216.1875
420.0 , 216.5
420.0 , 216.5
416.0 , 224.5
416.0 , 224.5
543.5 , 348.5
543.5 , 348.5
507.5 , 290.5
507.5 , 290.5
487.5 , 264.5
487.5 , 264.5
463.0 , 220.5
463.5 , 220.5

Ball: 54
straight
399.5 , 276.5
399.5 , 276.5
403.5 , 272.5
403.5 , 272.5
407.5 , 272.5
407.5 , 272.5
411.5 , 264.5
411.5 , 264.5
411.5 , 248.5
411.5 , 248.5
407.5 , 248.5
407.5 , 248.5
407.5 , 240.5
407.5 , 240.5
419.5 , 228.5
419.5 , 228.5
419.5 , 220.5
419.5 , 220.5
419.5 , 224.5
419.5 , 224.5
419.5 , 224.5
419.5 , 224.5
423.5 , 220.5
423.5 , 220.5
423.5 , 220.5
423.5 , 220.5
423.5 , 224.5
423.5 , 224.5
423.57144165 , 224.5
423.57144165 , 224.5
427.5 , 224.5
427.5 , 224.5
440.0 , 208.5
440.0 , 208.5
379.5 , 132.5
379.5 , 136.0
379.5 , 136.8125
419.5 , 108.375
379.5 , 108.5
379.5 , 108.5
379.5 , 108.5
417.0 , 104.5
379.5 , 108.5
379.5 , 108.5
555.5 , 366.5
555.5 , 366.5
515.5 , 312.5
515.5 , 312.5
479.5 , 260.5
479.5 , 260.5
461.5 , 238.0
461.5 , 238.0
443.5 , 204.5
443.5 , 204.5

Ball: 55
straight
523.5 , 336.5
523.5 , 336.5
483.5 , 276.5
483.5 , 276.5
467.5 , 251.0
467.5 , 251.0
417.5 , 136.5
417.5 , 136.5
399.5 , 248.5
419.5 , 125.0
370.5 , 324.5
370.5 , 324.5
371.5 , 356.5
371.5 , 356.5
400.0 , 285.0

Ball: 56
straight
400.0 , 285.0
400.0 , 283.5
400.0 , 283.5
382.0 , 316.5
382.0 , 316.5
396.0 , 289.0
396.0 , 289.0
383.5 , 289.5
383.5 , 289.5
394.035461426 , 293.929077148
394.035461426 , 293.929077148
389.201660156 , 309.295578003
389.201660156 , 309.295578003
377.5 , 304.5
377.5 , 304.5
385.5 , 312.5
385.5 , 312.5
391.5 , 308.5
391.5 , 308.5
395.5 , 300.5
395.5 , 300.5
395.5 , 300.5
395.5 , 300.5
391.5 , 308.5
391.5 , 308.5
391.5 , 304.5
391.5 , 304.5
387.5 , 304.5
387.5 , 304.5
383.5 , 304.5
383.5 , 304.5
408.361114502 , 253.0
409.0 , 252.5
407.5 , 248.0
407.5 , 248.0
415.5 , 236.5
415.5 , 236.5
415.5 , 233.5
415.5 , 233.5
415.5 , 233.5
415.5 , 233.5
415.5 , 233.5
415.5 , 233.5
416.0 , 230.0
416.5 , 230.0
427.5 , 120.5
435.5 , 106.0
435.5 , 106.0
438.0 , 116.5
437.5 , 116.5
439.5 , 124.5
439.5 , 124.5
447.5 , 112.5
447.5 , 112.5
443.5 , 129.0
443.5 , 129.0
443.5 , 132.5
443.5 , 132.5
447.5 , 136.5
448.5 , 137.0
447.0 , 140.5
447.0 , 140.5
447.5 , 144.5
447.5 , 144.5
447.5 , 152.5
447.5 , 152.5
447.216094971 , 150.5677948
447.5 , 150.5
451.5 , 152.5
451.5 , 152.5
451.5 , 147.5
451.5 , 147.5
452.0 , 149.0
452.0 , 149.0
451.5 , 142.5
451.5 , 142.5
455.0 , 136.0
455.0 , 136.0
455.5 , 131.5
455.5 , 131.5
456.5 , 124.0
456.5 , 124.0
455.5 , 120.5
455.5 , 116.5
455.5 , 121.0
455.5 , 121.0
455.5 , 116.5
455.5 , 116.5
563.5 , 356.5
563.5 , 356.5
515.5 , 288.5
515.5 , 288.5
498.5 , 260.5
498.5 , 260.5
475.5 , 220.5
475.5 , 220.5
443.5 , 160.5
443.5 , 160.5
431.0 , 141.0
431.0 , 141.0

Ball: 57
straight
518.0 , 116.5
518.0 , 116.5
518.0 , 116.5
518.0 , 116.5
539.0 , 296.5
539.0 , 296.5
503.5 , 246.5
503.5 , 246.5
487.5 , 224.5
487.5 , 224.5
460.5 , 172.5
460.5 , 172.5
435.5 , 126.5
435.5 , 126.5
419.5 , 100.5
419.5 , 100.5
419.5 , 132.5

Ball: 58
straight
404.034881592 , 240.220932007
404.034881592 , 240.220932007
407.5 , 241.5
407.5 , 241.5
407.0 , 236.0
407.0 , 236.0
409.921051025 , 238.078948975
409.921051025 , 238.078948975
415.5 , 228.5
419.5 , 220.5
419.5 , 220.5
419.5 , 220.5
419.5 , 220.5
415.5 , 228.5
412.0 , 236.5
419.5 , 220.5
419.5 , 220.5
417.0 , 220.5
417.0 , 220.5
419.5 , 220.5
419.5 , 220.5
418.0 , 220.5
418.0 , 220.5
419.5 , 220.5
419.5 , 220.5
419.5 , 220.5
419.5 , 220.5
419.5 , 220.5
535.5 , 370.5
535.5 , 370.5
491.5 , 316.5
491.5 , 316.5
471.5 , 284.5
471.5 , 284.5
439.5 , 236.5
439.5 , 236.5
372.5 , 116.5
372.5 , 116.5

Ball: 59
cover
418.5 , 108.5
419.5 , 108.5
419.5 , 108.125
431.5 , 77.0
443.5 , 188.5
443.5 , 188.5
443.5 , 172.5
443.5 , 172.5
443.5 , 172.5
443.5 , 172.5
443.5 , 172.0
443.5 , 172.5
443.5 , 172.5
443.5 , 172.5
443.5 , 172.5
443.5 , 172.5
443.5 , 172.5
443.5 , 172.5
401.0 , 254.0
401.0 , 254.0
527.5 , 344.5
527.5 , 344.5
507.5 , 316.5
507.5 , 316.5
472.110748291 , 261.647644043
472.110748291 , 261.647644043

Ball: 60
cover
399.5 , 277.5
399.5 , 277.5
407.839935303 , 241.202545166
413.5 , 220.5
413.5 , 220.5
415.0 , 225.0
415.0 , 225.0
415.5 , 224.5
415.5 , 224.5
415.5 , 224.5
415.5 , 224.5
419.5 , 216.5
419.5 , 216.5
419.5 , 216.5
419.5 , 216.5
420.0 , 216.5
420.0 , 216.5
420.5 , 216.5625
420.5 , 216.5
419.5 , 216.5
419.5 , 216.5
420.0 , 216.5
429.5 , 116.5
440.0 , 116.0
440.0 , 116.0
442.5 , 112.5
442.5 , 112.5
451.5 , 116.5
451.5 , 116.5
463.5 , 124.5
464.5 , 124.5
467.5 , 120.5
467.5 , 120.5
473.5 , 136.5
473.5 , 136.5
477.5 , 140.5
477.5 , 140.5
477.5 , 140.5
551.5 , 370.5
551.5 , 370.5
516.0 , 321.0
516.0 , 321.0
495.5 , 290.5
495.5 , 290.5
463.5 , 244.5
463.5 , 244.5

Ball: 61
cover

415.5 , 220.5
416.5 , 220.5
416.5 , 220.5
415.5 , 220.5
420.5 , 116.0
415.5 , 220.5
415.5 , 220.5
435.5 , 108.958343506
435.5 , 108.958343506
443.5 , 104.5
447.5 , 112.5
446.373321533 , 116.133422852
446.373321533 , 116.133422852
455.5 , 104.5
455.5 , 104.5
460.5 , 116.5
460.5 , 116.5
465.5 , 108.5
465.5 , 108.5
463.0 , 127.0
463.0 , 127.0
401.0 , 251.5
556.0 , 374.909090042
556.0 , 374.909090042
535.5 , 352.5
535.5 , 352.5
491.5 , 296.5
491.5 , 296.5
459.5 , 240.5
459.5 , 240.5

Ball: 62
cover

419.5 , 112.5
428.5 , 108.924987793
420.5 , 116.899993896
438.0 , 108.5
435.5 , 112.5
443.5 , 118.5
443.5 , 118.5
447.5 , 124.5
447.5 , 124.5
455.5 , 132.5
455.5 , 132.5
459.5 , 132.5
459.5 , 132.5
379.281829834 , 132.809082031
379.5 , 132.375
379.5 , 132.5
379.5 , 132.5
379.5 , 132.5
379.5 , 132.5
379.5 , 132.5
379.5 , 132.5
547.5 , 352.5
547.5 , 352.5
523.5 , 316.5
523.5 , 316.5
487.5 , 260.5
487.5 , 260.5
457.5 , 212.5
457.5 , 212.5
443.5 , 188.5
443.5 , 188.5

Ball: 63
cover

371.5 , 220.5
371.5 , 220.5
391.5 , 248.5
391.5 , 248.5
403.5 , 248.5
403.5 , 248.5
405.5 , 248.5
405.5 , 248.5
409.027679443 , 238.545608521
409.027679443 , 238.545608521
415.5 , 236.0
415.5 , 236.0
412.535705566 , 232.607147217
412.535705566 , 232.607147217
420.0 , 228.5
420.0 , 228.5
423.5 , 224.5
423.5 , 224.5
419.5 , 224.5
419.5 , 224.5
419.5 , 224.5
419.5 , 224.5
420.0 , 216.5
420.0 , 216.5
419.5 , 216.5
419.5 , 216.5
411.5 , 224.5
411.5 , 224.5
419.5 , 92.5
411.5 , 220.5
419.5 , 88.5
411.5 , 116.5
419.5 , 88.5
420.0 , 92.5
430.5 , 67.5
419.5 , 112.5
419.5 , 124.5
419.5 , 124.5
419.5 , 124.5
419.5 , 124.5
418.0 , 132.5
419.5 , 132.625
419.5 , 132.5
419.5 , 132.5
418.5 , 132.5
419.5 , 132.5
419.5 , 132.5
419.5 , 132.5
418.5 , 132.5
420.5 , 132.5
428.0 , 116.5
411.5 , 224.5
411.5 , 224.5
415.5 , 224.5
415.5 , 224.5
419.5 , 220.5
428.5 , 112.5
419.5 , 220.5
419.5 , 220.5
427.5 , 244.0
431.5 , 236.5
431.5 , 236.5
431.5 , 236.5
431.5 , 236.5
431.5 , 236.5
431.5 , 236.5
427.5 , 244.5
427.5 , 244.5
429.370361328 , 249.629623413
429.370361328 , 249.629623413
433.921051025 , 246.078948975
433.921051025 , 246.078948975
433.921051025 , 246.078948975
433.921051025 , 246.078948975
435.5 , 240.5
435.5 , 240.5
435.5 , 240.5
435.5 , 240.5
435.5 , 236.5
435.5 , 236.5
435.5 , 236.5
435.5 , 236.5
435.5 , 236.5
411.5 , 224.5
411.5 , 224.5
411.0 , 224.5
411.0 , 224.5
450.0 , 188.5
450.0 , 188.5
449.0 , 190.0
531.5 , 340.5
531.5 , 340.5
515.5 , 308.5
515.5 , 308.5
479.5 , 260.5
479.5 , 260.5
391.5 , 244.5
391.5 , 244.5
396.5 , 245.0
396.5 , 245.0
403.0 , 52.0
403.5 , 52.5
439.5 , 148.5

Ball: 64
straight


373.5 , 164.5
373.5 , 164.5
373.5 , 164.5
373.5 , 164.5
371.0 , 164.5
371.0 , 164.5
371.5 , 164.5
371.5 , 164.5
371.5 , 164.5
371.5 , 164.5
371.5 , 164.5
371.5 , 164.5
551.5 , 332.5
551.5 , 332.5
531.5 , 304.5
531.5 , 304.5
371.5 , 132.5
371.5 , 132.5

Ball: 66
cover

391.5 , 240.5
391.5 , 240.5
391.5 , 240.5
395.5 , 244.5
400.0 , 244.0
400.0 , 244.0
401.5 , 244.5
401.5 , 244.5
401.5 , 244.5
403.5 , 248.5
571.5 , 352.5
571.5 , 352.5
523.5 , 292.5
523.5 , 292.5
495.5 , 244.5
495.5 , 244.5

Ball: 67
straight
375.5 , 280.5
375.5 , 280.5
375.5 , 280.5
375.5 , 280.5
376.0 , 281.5
376.0 , 281.5
379.5 , 276.5
379.5 , 276.5
555.5 , 352.5
555.5 , 352.5
529.5 , 320.5
529.5 , 320.5
499.5 , 264.5
499.5 , 264.5
371.0 , 124.5
371.0 , 124.5

Ball: 68
cover

400.0 , 254.5
400.0 , 254.5
399.5 , 248.5
379.0 , 284.0
379.0 , 284.0
379.5 , 284.5
379.5 , 284.5
377.5 , 284.5
377.5 , 284.5
379.5 , 284.5
379.5 , 284.5
377.5 , 284.5
377.5 , 284.5
377.5 , 284.5
377.5 , 284.5
379.5 , 286.0
379.5 , 286.0
379.5 , 284.5
379.5 , 284.5
379.5 , 284.5
379.5 , 284.5
375.5 , 288.5
375.5 , 288.5
375.5 , 288.5
375.5 , 288.5
375.5 , 288.5
375.5 , 288.4375
375.5 , 288.5
375.5 , 292.5
375.5 , 292.5
375.5 , 292.5
375.5 , 292.5
379.5 , 292.5
379.5 , 292.5
379.5 , 292.5
563.5 , 366.5
563.5 , 366.5
523.0 , 305.0
523.0 , 305.0
489.0 , 250.5
489.0 , 250.5
473.0 , 226.5
473.0 , 226.5
372.0 , 116.5
372.0 , 116.5
371.5 , 116.5
371.5 , 116.5
371.5 , 116.625

Ball: 69
straight

371.5 , 306.0
371.5 , 306.0
383.5 , 300.5
383.5 , 300.5
392.0 , 300.5
391.5 , 300.5
391.5 , 300.5
405.796295166 , 270.796295166
405.796295166 , 270.796295166
407.5 , 260.5
407.5 , 260.5
407.5 , 254.0
407.5 , 254.0
407.5 , 232.5
407.5 , 232.5
407.5 , 228.5
407.5 , 228.5
407.5 , 224.5
407.5 , 224.5
411.5 , 220.5
412.0 , 220.5
411.5 , 220.5
411.5 , 220.5
420.5 , 216.5
420.5 , 216.5
419.5 , 216.5
419.5 , 216.5
423.5 , 220.5
423.5 , 224.5
427.5 , 216.8125
427.5 , 216.8125
427.611114502 , 220.611114502
427.625 , 220.5
429.0 , 220.5
371.5 , 308.5
420.0 , 120.5
411.5 , 268.5
432.0 , 100.5
432.0 , 100.5
556.5 , 348.5
556.5 , 348.5
507.5 , 284.5
507.5 , 284.5
491.5 , 262.0
491.5 , 262.0
463.5 , 216.5
463.5 , 216.5
419.0 , 140.5
418.5 , 140.5

Ball: 70
cover
411.5 , 229.0
411.5 , 229.0
407.5 , 232.5
407.5 , 232.5
407.5 , 224.5
407.5 , 224.5
415.5 , 220.5
415.5 , 220.5
551.5 , 362.5
551.5 , 362.5
531.5 , 340.5
531.5 , 340.5
489.5 , 280.5
489.5 , 280.5
459.5 , 228.5
459.5 , 228.5
452.5 , 214.5
452.5 , 214.5

Ball: 71
straight

459.5 , 128.5
459.5 , 128.5
459.5 , 128.5
427.5 , 244.5
452.5 , 129.0
452.5 , 129.0
451.5 , 132.5
451.5 , 132.5
447.409088135 , 125.5
447.409088135 , 125.5
443.5 , 180.5
443.5 , 180.5
443.5 , 180.5
443.5 , 180.5
443.5 , 180.5
443.5 , 180.5
443.5 , 180.5
443.5 , 180.5
443.5 , 180.5
443.5 , 180.5
443.5 , 180.5
443.5 , 180.5
443.5 , 176.0
443.5 , 176.0
443.5 , 172.5
443.5 , 172.5
443.5 , 172.5
535.5 , 344.5
499.5 , 292.5
499.5 , 292.5
499.5 , 292.5
479.5 , 267.5
479.5 , 267.5
449.5 , 222.0
449.5 , 222.0

Ball: 72
cover
383.5 , 292.5
383.5 , 292.5
383.5 , 292.5
411.5 , 220.5
411.5 , 220.5
411.5 , 221.0
411.5 , 221.0
411.5 , 221.0
539.5 , 340.5
539.5 , 340.5
539.5 , 340.5
507.5 , 288.5
507.5 , 288.5
495.5 , 264.5
495.5 , 264.5
467.5 , 224.5
441.0 , 180.5
441.0 , 180.5
427.5 , 148.5
427.5 , 148.5
411.5 , 124.5

Ball: 73
straight
372.0 , 299.5
371.5 , 299.5
371.5 , 299.5
371.5 , 300.0
371.5 , 300.0
373.5 , 300.5
373.5 , 300.5
373.5 , 300.5
369.5 , 299.5
369.5 , 300.5
369.149993896 , 300.5
369.5 , 300.5
369.5 , 300.5
369.5 , 300.5
375.5 , 304.5
379.5 , 304.5
380.5 , 304.5
380.5 , 304.5
381.5 , 304.0
381.5 , 304.0
383.5 , 304.5
383.5 , 304.5
387.5 , 301.5
387.5 , 301.5
387.5 , 300.5
387.5 , 300.5
391.5 , 280.5
391.5 , 280.5
391.5 , 280.5
399.5 , 276.5
399.5 , 276.5
399.5 , 268.5
403.5 , 260.5
403.5 , 260.5
403.5 , 260.5
407.5 , 254.5
407.5 , 254.5
407.5 , 240.5
407.5 , 240.5
407.5 , 240.5
415.5 , 228.5
415.5 , 228.5
411.5 , 228.5
411.5 , 228.5
411.5 , 228.5
411.5 , 228.5
411.5 , 228.5
411.5 , 228.925003052
547.5 , 296.5
547.5 , 296.5
532.5 , 268.5
532.5 , 268.5
503.5 , 216.5
503.5 , 216.5
471.5 , 164.5
471.5 , 164.5
455.5 , 140.5
455.5 , 140.5
433.5 , 96.5
433.5 , 96.5
419.5 , 144.5
419.5 , 144.5
411.0 , 211.0
419.5 , 144.5
420.5 , 140.5
415.5 , 132.5
379.5 , 108.5
379.5 , 108.5
417.5 , 136.5
417.5 , 136.5
417.5 , 136.5
417.5 , 136.5

Ball: 74
straight

419.5 , 246.5
419.5 , 246.5
416.5625 , 238.0
416.5625 , 238.0
415.5 , 236.5
411.5 , 238.5
415.5 , 232.5
420.5 , 232.5
415.5 , 236.5
420.0 , 232.5
415.384613037 , 232.168273926
423.5 , 228.5
419.5 , 224.5
419.5 , 224.5
415.5 , 228.5
419.5 , 220.5
387.625 , 244.5
419.5 , 220.5
419.5 , 216.5
419.5 , 216.5
371.5 , 305.0
427.5 , 220.125
428.0 , 224.5
428.0 , 220.5
428.0 , 220.5
428.0 , 220.5
427.5 , 224.5
427.5 , 228.5
427.5 , 220.5
427.5 , 220.5
371.0 , 308.5
547.5 , 296.5
547.5 , 296.5
527.5 , 264.5
527.5 , 264.5
499.5 , 217.0
499.5 , 217.0
471.5 , 160.5
471.5 , 160.5
437.5 , 94.5
438.0 , 94.5
418.0 , 50.5
419.5 , 50.5
419.0 , 132.5
419.5 , 132.5
418.0 , 124.5
419.5 , 124.5
419.5 , 124.5
387.5 , 108.0
387.5 , 108.0
387.5 , 260.5
387.5 , 260.5

Ball: 75
straight
387.5 , 260.0
387.5 , 260.0
387.5 , 260.5
387.5 , 260.5
387.5 , 260.5
387.5 , 260.5
411.5 , 220.5
411.5 , 220.5
412.0 , 220.5
411.5 , 220.5
411.5 , 220.5
371.5 , 308.5
371.5 , 308.5
373.5 , 308.5
373.5 , 308.5
371.5 , 312.5
371.5 , 312.5
371.5 , 312.5
371.5 , 312.5
379.5 , 309.5
379.5 , 309.5
379.5 , 304.5
379.5 , 304.5
379.5 , 304.5
379.5 , 304.5
384.5 , 304.5
384.5 , 304.5
444.5 , 190.0
444.5 , 190.0
444.0 , 190.0
444.0 , 190.0
443.5 , 188.5
443.5 , 188.5
443.0 , 188.5
443.0 , 188.5
441.0 , 189.5
547.5 , 352.5
547.5 , 352.5
503.5 , 288.5
503.5 , 288.5
487.5 , 259.5
487.5 , 259.5
457.5 , 216.5
457.5 , 216.5

Ball: 76
cover

411.5 , 244.5
403.5 , 232.5
411.5 , 221.0
411.5 , 221.0
411.0 , 220.5
411.5 , 216.5
411.5 , 216.5
412.0 , 216.5
419.5 , 220.5
527.5 , 336.5
527.5 , 336.5
489.5 , 276.5
489.5 , 276.5
471.5 , 248.5
471.5 , 248.5
435.5 , 196.5
435.5 , 196.5

Ball: 77
straight

415.5 , 292.5
415.5 , 296.5
415.5 , 296.5
391.5 , 320.5
391.5 , 320.5
391.5 , 320.5
391.5 , 320.5
411.5 , 297.5
411.5 , 297.5
411.5 , 292.5
411.5 , 292.5
411.5 , 292.5
411.5 , 292.5
407.5 , 288.5
407.5 , 292.5
407.5 , 272.5
411.5 , 272.5
404.5 , 264.5
404.5 , 264.5
408.5 , 260.5
408.5 , 260.5
408.0 , 252.5
408.0 , 252.5
407.5 , 244.5
407.5 , 244.5
407.5 , 252.5
407.5 , 252.5
411.5 , 220.5
411.5 , 220.5
414.0 , 220.5
414.0 , 220.5
415.5 , 221.153839111
415.5 , 220.5
419.5 , 98.5
419.5 , 98.5
439.5 , 188.5
439.5 , 188.5
435.5 , 184.5
435.5 , 184.5
439.0 , 184.5
439.0 , 184.5
439.0 , 184.5
439.0 , 184.5
435.0 , 188.5
435.5 , 188.375
435.0 , 188.5
435.0 , 188.5
435.5 , 188.5
441.0 , 173.0
513.5 , 328.5
513.5 , 328.5
513.5 , 328.5
479.5 , 272.5
479.5 , 272.5
463.5 , 248.5

Ball: 78
cover

411.5 , 220.5
411.5 , 220.5
411.5 , 220.5
411.5 , 220.5
411.5 , 220.5
411.5 , 220.5
411.5 , 220.5
413.5 , 218.0
411.5 , 220.5
414.0 , 224.5
415.0 , 224.5
411.5 , 220.5
418.0 , 128.5
428.3387146 , 127.887084961
431.0 , 127.5
419.5 , 212.5
435.0 , 128.5
434.0 , 129.0
439.5 , 132.5
439.5 , 132.5
572.5 , 377.0
572.5 , 377.0
532.0 , 324.5
532.0 , 324.5
507.5 , 292.5
507.5 , 292.5
471.5 , 238.5
471.5 , 238.5
443.5 , 188.5
443.5 , 188.5
371.5 , 92.5

Ball: 79
cover
442.0 , 188.5
442.0 , 188.5
379.5 , 212.5
379.0 , 212.5
379.5 , 212.5
379.5 , 212.5
382.0 , 212.5
382.0 , 212.5
567.5 , 370.5
568.5 , 370.5
523.5 , 312.5
523.5 , 312.5
487.5 , 260.5
487.5 , 260.5
467.5 , 228.5
467.5 , 228.5
443.5 , 190.5
443.5 , 190.5

Ball: 80
cover
409.5 , 228.5
409.5 , 228.5
403.5 , 249.5
403.5 , 249.5
412.5 , 221.0
413.0 , 221.0
412.5 , 220.5
412.0 , 216.866668701
412.5 , 217.233337402
412.5 , 217.233337402
413.5 , 216.5
413.5 , 216.5
411.5 , 212.5
411.5 , 212.5
419.5 , 220.5
419.5 , 236.5
420.5 , 237.0
420.5 , 237.0
420.5 , 236.5
420.5 , 236.5
419.5 , 212.5
419.5 , 212.5
443.5 , 164.5
443.5 , 164.5
447.0 , 160.0
447.0 , 160.0
447.5 , 152.5
443.5 , 144.5
443.5 , 144.5
443.5 , 144.5
379.5 , 292.5
379.5 , 292.5
559.5 , 358.5
559.5 , 358.5
535.5 , 320.5
535.5 , 320.5
535.5 , 320.5
491.5 , 256.5
451.5 , 191.5
451.5 , 191.5
443.5 , 180.5
411.5 , 128.5
411.5 , 128.1875

Ball: 81
cover
412.5 , 128.5
412.0 , 128.200012207
419.0 , 124.5
420.5 , 124.100006104
438.0 , 108.5
438.0 , 108.5
443.5 , 132.5
443.5 , 132.5
453.5 , 152.5
453.5 , 152.5
455.5 , 160.5
455.5 , 160.5
456.5 , 180.5
456.5 , 180.5
412.0 , 128.5
412.0 , 128.5
411.5 , 128.5
411.5 , 128.5
411.5 , 128.5
411.5 , 128.5
411.5 , 124.375
411.5 , 124.5
371.5 , 292.5
371.5 , 292.5
563.5 , 374.5
563.5 , 374.5
541.796325684 , 358.796295166
541.796325684 , 358.796295166
501.5 , 300.5
505.5 , 300.5
471.5 , 248.5
471.5 , 248.5
455.5 , 228.5
455.5 , 228.5

Ball: 82
cover
411.5 , 220.5
411.5 , 220.5
411.5 , 216.5
411.5 , 216.5
411.5 , 216.5
411.5 , 216.5
415.5 , 216.5
415.5 , 216.5
419.5 , 216.5
419.5 , 216.5
419.5 , 216.5
419.5 , 216.5
369.5 , 303.0
442.0 , 188.5
442.0 , 188.5
555.5 , 366.5
555.5 , 366.5
515.5 , 304.5
515.5 , 304.5
497.5 , 280.5
495.5 , 280.5
469.5 , 233.0
469.5 , 233.0
443.5 , 188.5
443.5 , 188.5
370.0 , 116.5
370.0 , 116.5

Ball: 83
straight

371.375 , 308.5
371.5 , 308.5
379.5 , 304.5
379.5 , 304.5
384.5 , 300.5
384.5 , 300.5
387.5 , 292.5
387.0 , 292.5
391.5 , 276.5
391.5 , 276.5
395.5 , 266.0
395.5 , 266.0
400.5 , 260.5
400.5 , 260.5
403.5 , 252.5
403.5 , 252.5
415.5 , 254.0
419.5 , 252.5
379.5 , 220.0
379.5 , 220.0
419.5 , 237.0
419.5 , 237.0
411.5 , 220.5
411.5 , 220.5
410.5 , 216.833328247
410.5 , 216.833328247
411.5 , 216.5
411.5 , 216.5
415.5 , 216.5
415.5 , 216.5
419.5 , 216.5
391.5 , 240.5
387.5 , 284.5
387.5 , 284.5
387.5 , 284.5
387.5 , 284.5
563.5 , 356.5
563.5 , 356.5
529.5 , 304.5
529.5 , 304.5
511.5 , 277.0
511.5 , 277.0
487.5 , 227.5
487.5 , 227.5
463.5 , 186.5
463.5 , 186.5
445.5 , 144.5
445.5 , 144.5
435.5 , 120.5
435.5 , 120.5
379.5 , 132.375
379.5 , 132.375
418.5 , 131.5
420.5 , 132.5
416.0 , 128.5
419.5 , 128.5
419.5 , 120.5
417.5 , 120.5
418.5 , 116.5
420.5 , 116.5

Ball: 84
straight

420.5 , 120.5
419.5 , 116.5
420.5 , 120.0
418.5 , 116.5
415.5 , 216.5
415.5 , 216.5
419.5 , 120.5
415.5 , 216.5
419.5 , 124.5
419.5 , 124.5
418.0 , 124.5
419.5 , 124.5
403.5 , 236.5
419.5 , 129.0
419.5 , 132.5
419.0 , 132.5
371.5 , 300.5
371.5 , 300.5
375.5 , 304.5
379.0 , 308.0
379.0 , 308.0
379.5 , 308.5
379.5 , 308.5
403.5 , 248.5
408.0 , 256.5
399.5 , 268.5
379.5 , 300.5
415.5 , 244.5
415.5 , 244.5
399.5 , 288.5
399.5 , 288.5
415.5 , 244.5
387.5 , 304.5
443.0 , 188.5
443.0 , 188.5
543.5 , 344.5
507.5 , 292.5
507.5 , 292.5
487.5 , 268.5
487.5 , 268.5
487.5 , 268.5
463.5 , 224.5

Ball: 85
straight
388.5 , 296.5625
388.5 , 296.5625
389.5 , 296.5
389.5 , 296.5
391.5 , 296.5
391.5 , 296.5
399.5 , 292.5
399.5 , 292.5
403.5 , 288.5
407.5 , 276.5
407.5 , 276.5
407.5 , 276.5
411.0 , 268.5
411.0 , 268.5
409.857147217 , 263.285720825
409.857147217 , 263.285720825
423.5 , 248.5
423.5 , 248.5
423.5 , 248.5
423.5 , 248.5
423.0 , 244.5
423.5 , 244.5
412.0 , 216.5
412.0 , 216.5
411.5 , 212.5
411.5 , 212.5
415.5 , 216.5
415.5 , 216.5
419.5 , 216.5
419.5 , 216.5
419.5 , 216.5
419.5 , 216.5
423.5 , 220.5
419.5 , 216.5
424.0 , 216.5
424.0 , 216.5
427.5 , 212.5
419.5 , 252.5
427.5 , 236.5
427.5 , 236.5
431.5 , 228.5
431.5 , 228.5
431.5 , 228.5
431.5 , 228.5
431.5 , 228.5
431.5 , 228.5
435.5 , 220.5
435.5 , 220.5
435.5 , 220.875
435.5 , 220.875
431.0 , 228.5
431.5 , 228.5
431.5 , 228.5
431.5 , 228.5
431.5 , 232.5
431.5 , 232.5
539.5 , 312.5
539.5 , 312.5
524.0 , 280.5
524.0 , 280.5
487.5 , 224.5
487.5 , 224.5
455.5 , 172.5
455.5 , 172.5
447.5 , 156.5
447.5 , 156.5
419.5 , 108.0

Ball: 86
straight

387.5 , 260.5
387.5 , 260.5
387.5 , 260.5
387.5 , 260.5
391.5 , 264.5
391.5 , 264.5
399.5 , 252.5
399.5 , 252.5
399.5 , 252.5
399.5 , 252.5
407.5 , 262.0
407.5 , 262.0
408.5 , 262.5
408.5 , 262.5
411.875 , 260.5
419.625 , 260.5
413.5 , 216.5
413.5 , 216.5
442.0 , 180.5
567.5 , 340.5
567.5 , 340.5
547.5 , 304.5
547.5 , 304.5
507.5 , 247.5
507.5 , 247.5
471.5 , 194.5
471.5 , 194.5
458.5 , 172.5
458.5 , 172.5
432.0 , 132.5
431.5 , 132.5

Ball: 87
straight
411.5 , 216.5
411.5 , 216.5
411.5 , 216.5
411.5 , 216.5
411.5 , 216.5
419.5 , 120.5
418.5 , 120.5
432.0 , 108.0
422.5 , 116.5
443.5 , 112.5
443.5 , 112.5
447.5 , 124.0
447.5 , 124.0
455.5 , 128.5
455.5 , 128.5
459.5 , 144.5
459.5 , 144.5
459.5 , 156.5
459.5 , 156.5
459.5 , 160.5
463.5 , 156.5
463.5 , 168.5
463.5 , 168.5
455.5 , 180.5
455.5 , 180.5
459.0 , 180.5
459.0 , 180.5
459.5 , 179.0
459.5 , 179.0
459.5 , 180.5
459.5 , 180.5
463.5 , 168.5
459.5 , 168.5
379.0 , 294.5
563.5 , 320.5
563.5 , 320.5
563.5 , 320.5
527.5 , 264.5
497.5 , 203.5
497.5 , 203.5
483.5 , 180.5
483.5 , 180.5
459.5 , 136.5
459.5 , 136.5
439.5 , 98.5
439.5 , 98.5
419.5 , 132.5
419.5 , 132.5
419.5 , 128.5
419.5 , 128.5
419.5 , 121.0
418.0 , 120.5
420.5 , 121.0
420.5 , 121.0
420.5 , 120.125
420.5 , 120.125
420.5 , 121.0
432.0 , 129.0
432.5 , 132.0
434.0 , 140.5
419.5 , 129.0
431.0 , 132.5
388.0 , 100.5
388.0 , 100.5
387.5 , 100.5

Ball: 88
straight
387.5 , 100.5
387.5 , 104.5
431.0 , 132.5
387.5 , 100.5
387.5 , 100.0
388.0 , 100.5
388.0 , 100.5
431.5 , 88.5
420.0 , 253.0
420.0 , 253.0
419.5 , 248.5
419.5 , 248.5
420.0 , 244.5
420.0 , 244.5
423.5 , 244.5
423.5 , 244.5
424.5 , 244.5
424.5 , 244.5
425.5 , 244.5
425.5 , 244.5
416.473693848 , 265.052627563
416.473693848 , 265.052627563
571.5 , 313.0
571.5 , 313.0
535.0 , 252.5
535.0 , 252.5
503.5 , 192.5
503.5 , 192.5
496.5 , 171.5
496.5 , 171.5
471.5 , 132.5
471.5 , 132.5
451.5 , 88.5
451.5 , 88.5
444.5 , 76.5
444.5 , 76.5
443.5 , 169.0
443.5 , 169.0
440.0 , 136.5
438.5 , 137.0
439.5 , 132.5
439.5 , 132.5
447.5 , 140.5
447.5 , 140.5
447.5 , 140.5
447.5 , 140.5
447.5 , 140.5
447.5 , 140.5
447.5 , 140.5
447.5 , 140.5
443.5 , 144.5
447.5 , 144.5
448.5 , 144.0
448.5 , 144.0
448.5 , 144.0
448.5 , 144.0
447.5 , 144.5
447.5 , 144.5
448.5 , 140.5
449.5 , 140.0
448.5 , 140.0
448.5 , 140.0
443.5 , 128.0

Ball: 89
straight

563.625 , 84.5
563.625 , 84.5
563.625 , 84.5
571.5 , 100.5
571.5 , 100.5
471.5 , 292.5
471.5 , 292.5
471.5 , 292.5
471.5 , 292.5
455.5 , 261.0
455.5 , 261.0
455.5 , 261.0
457.5 , 260.5
457.5 , 260.5
457.5 , 260.5
443.5 , 232.5
443.5 , 232.5
443.5 , 232.5
443.5 , 232.5

Ball: 91
straight

307.5 , 340.125
307.5 , 340.125
308.5 , 304.5
308.5 , 304.5
312.0 , 260.5
312.0 , 260.5
347.5 , 204.5
347.5 , 204.5
347.5 , 204.5
339.5 , 188.5
339.0 , 189.0
339.0 , 189.0
339.0 , 189.0
339.5 , 192.5
339.5 , 192.5
339.5 , 180.5
339.5 , 180.5
339.5 , 188.5
339.5 , 196.5
339.5 , 196.5
339.5 , 196.5

Ball: 1
cover


364.772735596 , 244.5
371.5 , 243.0
371.5 , 252.5
371.5 , 252.5
371.5 , 252.5
375.5 , 243.0
375.5 , 243.0
379.5 , 243.0
379.5 , 244.5
379.5 , 243.0
379.5 , 236.5
379.0 , 236.5
379.5 , 236.5
379.5 , 236.5
379.5 , 228.5
379.5 , 374.0
379.5 , 374.0
307.5 , 348.5
307.5 , 348.5
314.5 , 288.5
314.5 , 288.5
316.5 , 260.5
316.5 , 260.5
316.5 , 260.5
323.5 , 204.5
323.5 , 204.5
323.5 , 204.5
404.0 , 377.5

Ball: 2
cover



319.5 , 210.0
315.5 , 304.5
315.5 , 304.5
321.0 , 270.0
321.0 , 270.0
324.0 , 236.5
324.5 , 236.5

Ball: 3
straight

346.0 , 156.5
346.0 , 156.5
346.0 , 156.5
346.0 , 156.5
343.5 , 160.5
343.5 , 160.5
342.0 , 174.0
342.0 , 174.0
347.5 , 260.5
347.5 , 260.5
339.5 , 140.5
339.5 , 140.5
342.0 , 160.5
342.0 , 160.5
339.5 , 164.5
339.5 , 164.5
339.5 , 164.5
339.5 , 164.5
339.5 , 164.5
339.5 , 164.5
339.5 , 164.5
339.5 , 164.5
339.5 , 164.5
339.5 , 164.5
339.5 , 164.5
339.5 , 164.5
339.5 , 156.5
339.5 , 157.0
339.5 , 156.5
339.5 , 156.5
339.5 , 156.5
339.5 , 157.0
339.5 , 157.0
339.5 , 156.5
339.5 , 156.5
339.5 , 156.5
333.0 , 156.5
347.5 , 140.5
347.5 , 140.5
307.5 , 328.5
307.5 , 328.5
312.0 , 285.0
312.0 , 285.0
312.0 , 285.0
312.0 , 285.0
313.5 , 256.5
313.5 , 256.5
315.5 , 224.5
315.5 , 224.5
320.5 , 172.5
320.5 , 172.5
330.0 , 156.5
330.0 , 156.5
330.0 , 164.5

Ball: 4
cover

333.0 , 164.5
332.5 , 164.5
332.5 , 164.5
330.0 , 172.5
330.0 , 172.5
323.5 , 236.5
323.5 , 236.5
323.5 , 244.5
323.5 , 244.5
339.0 , 268.5
339.0 , 268.5
330.0 , 188.5
333.0 , 188.5
330.0 , 204.5

Ball: 5
cover

331.5 , 253.5
331.5 , 260.5
331.5 , 260.5
339.5 , 276.5
339.5 , 276.5
379.5 , 236.5
379.5 , 236.5
355.5 , 268.5
355.5 , 268.5
312.5 , 244.0
312.5 , 244.0
337.0 , 188.5
333.0 , 188.5
333.0 , 188.5
330.0 , 168.5
330.0 , 168.5
323.5 , 168.8125
323.5 , 168.8125
323.5 , 188.5
323.5 , 188.5
323.5 , 204.5
323.5 , 204.5
323.5 , 204.5
323.5 , 204.5

Ball: 6
cover



379.5 , 261.5
379.5 , 261.5
379.5 , 261.5
387.5 , 253.5
387.5 , 252.5
387.5 , 252.5
388.0 , 252.5
388.0 , 254.0
347.5 , 308.5
347.5 , 308.5

Ball: 8
straight
379.5 , 124.5
379.5 , 124.5
379.5 , 124.5
379.5 , 124.5
379.5 , 124.5
339.5 , 340.5
339.5 , 340.5
346.5 , 253.0

Ball: 9
straight

395.5 , 252.5
395.5 , 254.0
395.5 , 254.0
397.0 , 243.0
397.0 , 243.0
405.0 , 236.5
404.5 , 236.5
411.0 , 228.5
411.0 , 228.5
340.0 , 344.5
340.0 , 344.5
346.5 , 256.5
346.5 , 256.5

Ball: 10
straight
395.5 , 260.5
395.5 , 260.5
395.5 , 260.375
395.5 , 260.375
403.5 , 252.5
403.5 , 252.5
405.0 , 244.5
404.5 , 236.5
339.5 , 344.8125
339.5 , 344.8125
339.5 , 344.8125
339.5 , 344.8125
339.5 , 312.5
339.5 , 312.5
347.5 , 236.5
347.5 , 236.5
356.0 , 172.5
356.0 , 172.5

Ball: 11
cover

373.0 , 172.5
373.0 , 172.5
373.0 , 172.5
373.0 , 172.5
363.5 , 164.5
333.5 , 352.5
333.5 , 352.5
339.5 , 288.8125
339.5 , 288.8125
339.5 , 288.8125
339.5 , 288.8125
339.5 , 260.5
339.5 , 260.5
347.5 , 196.5
347.5 , 196.5
363.375 , 156.5
363.375 , 156.5
363.5 , 164.5
363.5 , 164.5

Ball: 12
cover

395.0 , 258.0
404.5 , 252.5
403.5 , 252.5
404.0 , 244.5
404.0 , 236.5
404.0 , 236.5
404.0 , 236.5
404.0 , 236.5
410.5 , 236.5
411.5 , 236.5
333.0 , 353.0
333.0 , 353.0
331.5 , 324.5
331.5 , 324.5
339.5 , 260.5
339.5 , 260.5
339.5 , 260.5
339.5 , 260.5
340.0 , 236.5
340.0 , 236.5
347.5 , 180.5
347.5 , 180.5
364.0 , 196.5
364.0 , 196.5
363.5 , 164.5
363.5 , 164.5
363.0 , 172.0
363.0 , 172.0

Ball: 13
cover

355.5 , 252.5
355.5 , 260.5
355.5 , 260.5
339.5 , 348.5
339.5 , 348.5
339.5 , 348.5
339.5 , 348.5
339.5 , 348.5
347.5 , 292.5
347.5 , 292.5
373.0 , 181.0
373.0 , 181.0
373.0 , 180.5
373.0 , 180.5

Ball: 14
cover

346.5 , 259.0
346.5 , 256.5
354.0 , 220.5
354.0 , 220.5

Ball: 15
cover

347.5 , 229.0
347.5 , 229.0
347.5 , 229.0
371.0 , 172.5
371.0 , 172.5

Ball: 16
cover

411.5 , 228.5
411.5 , 228.5
340.5 , 344.5
340.5 , 344.5
340.5 , 344.5
348.0 , 261.0
348.0 , 261.0
348.0 , 260.5
348.0 , 260.5
348.0 , 260.5
372.0 , 156.5
373.0 , 164.5
373.0 , 164.5
373.0 , 164.5
374.5 , 165.0

Ball: 17
cover

363.5 , 204.5
363.5 , 204.5
363.0 , 220.5
363.5 , 236.5
363.5 , 236.5
371.0 , 172.5
371.5 , 148.5
371.5 , 148.5
379.5 , 260.5
379.5 , 260.5
339.5 , 344.8125
339.5 , 344.8125
339.5 , 308.5
339.5 , 308.5
347.5 , 229.0
347.5 , 229.0
353.5 , 196.5
353.5 , 196.5
353.5 , 196.5

Ball: 18
cover

355.5 , 228.5
355.5 , 228.5
355.5 , 238.0
355.5 , 238.0
355.5 , 243.0
355.5 , 244.0
331.0 , 349.0
331.0 , 349.0
339.625 , 260.5
339.625 , 260.5
363.5 , 164.5
363.5 , 164.5
363.5 , 172.5
363.5 , 172.5

Ball: 19
cover

355.5 , 220.5
355.5 , 220.5
370.0 , 164.5
370.0 , 164.5
371.5 , 168.5
371.5 , 168.5
369.5 , 164.208328247
369.5 , 164.5
368.0 , 164.5
368.0 , 164.5
368.0 , 164.5
368.0 , 164.5
371.5 , 156.375
363.5 , 164.5
363.5 , 164.5
363.5 , 164.375
363.5 , 164.375
379.5 , 132.5
379.5 , 132.5
379.5 , 132.5
379.5 , 132.5
357.0 , 212.5
357.0 , 212.5

Ball: 20
well-left


381.0 , 268.5
381.0 , 268.5
379.5 , 268.5
379.5 , 268.5
355.5 , 164.5
355.5 , 164.5
348.0 , 164.5

Ball: 21
cover

356.0 , 188.5
355.5 , 196.5
355.5 , 196.5
325.5 , 352.099998474
325.5 , 352.099998474
324.0 , 300.5
324.0 , 300.5
330.0 , 228.5
330.0 , 228.5
333.5 , 204.5
330.0 , 204.5
330.0 , 204.5
338.0 , 156.5
338.0 , 156.5
371.5 , 188.5
363.5 , 188.5
363.5 , 188.5
363.5 , 188.5
363.5 , 188.5
346.5 , 156.5
346.5 , 156.5
363.375 , 188.5
363.375 , 188.5
363.5 , 197.0
363.5 , 197.0
363.5 , 204.5
363.5 , 204.5
363.5 , 212.5
363.5 , 212.5

Ball: 22
cover

363.5 , 212.5
363.5 , 212.5
343.5 , 229.0
343.5 , 229.0
371.375 , 164.5
371.375 , 164.5
371.375 , 164.5
371.375 , 164.5
371.5 , 164.5
371.5 , 164.5
372.0 , 164.0
372.0 , 164.0
367.5 , 164.5
367.5 , 164.5
367.5 , 164.0
367.5 , 164.0
371.5 , 165.0
371.5 , 164.5
371.5 , 164.5
371.5 , 164.5
371.5 , 168.0
371.5 , 168.5
371.5 , 172.5
371.5 , 172.5
371.5 , 172.5
371.5 , 172.5
351.5 , 204.5
347.5 , 197.5
345.5 , 196.0
347.0 , 196.5
347.5 , 197.5
345.0 , 189.5
347.0 , 189.5
355.5 , 164.125
355.5 , 164.125
351.5 , 172.5
351.5 , 172.5
351.5 , 172.5
351.5 , 164.5
351.5 , 164.5
351.5 , 164.5
351.5 , 164.5
351.5 , 164.5
351.5 , 160.5
351.5 , 160.5
343.5 , 208.5
341.0 , 204.5
355.666656494 , 148.666671753
355.666656494 , 148.666671753
354.282623291 , 152.5
354.282623291 , 152.5
347.5 , 159.0
347.5 , 159.0
347.5 , 159.0
339.0 , 180.5
333.0 , 180.5
326.0 , 168.5
341.0 , 180.5
339.5 , 324.5
339.5 , 324.5
347.5 , 244.0
347.5 , 243.0
355.5 , 188.5
355.5 , 188.5
355.5 , 188.5
355.5 , 188.5

Ball: 23
cover

405.0 , 244.5
339.5 , 348.5
339.5 , 348.5
339.5 , 312.5
339.5 , 312.5
339.5 , 312.5
339.5 , 312.5
347.5 , 260.5
347.5 , 260.5
348.5 , 236.5
348.5 , 236.5
371.5 , 160.5
371.0 , 172.5

Ball: 24
straight

283.5 , 156.5
339.5 , 320.5
347.5 , 220.5
347.5 , 220.5
370.0 , 172.5
370.0 , 172.5

Ball: 25
cover
379.5 , 148.5
379.5 , 148.5
379.5 , 145.0
379.5 , 145.0
378.0 , 144.5
378.0 , 144.5
379.5 , 144.5
379.5 , 145.0
379.5 , 145.0
379.5 , 144.5
379.5 , 145.0
340.0 , 296.0
340.0 , 296.0
339.5 , 260.5
339.5 , 260.5
347.5 , 196.5
347.5 , 196.5
351.5 , 172.5
351.5 , 172.5
363.375 , 156.5
363.5 , 176.5
363.5 , 176.5
355.5 , 172.5
355.5 , 172.5
363.5 , 196.625
363.5 , 196.625
363.5 , 196.625
363.5 , 196.625
363.5 , 196.5
363.5 , 196.5

Ball: 26
cover

360.0 , 236.5
411.5 , 236.5
411.5 , 236.5
411.5 , 236.5
412.5 , 228.5
412.5 , 228.5
412.5 , 228.5
331.5 , 324.5
331.5 , 324.5
340.0 , 240.5
340.0 , 239.5
343.0 , 212.0
343.0 , 212.0
348.0 , 164.5
348.0 , 164.5
363.5 , 164.5
363.5 , 164.5
364.5 , 168.5
364.5 , 168.5
366.5 , 172.5
366.5 , 172.5
366.5 , 172.5
366.5 , 172.5

Ball: 27
cover

372.0 , 172.5
372.0 , 172.5
351.5 , 200.5
351.5 , 200.5
351.5 , 200.5
351.5 , 200.5
347.5 , 204.5
347.5 , 204.5
355.5 , 212.5
355.5 , 212.5
347.5 , 212.5
347.5 , 212.5
351.5 , 219.0
351.5 , 219.0
355.5 , 228.5
355.5 , 228.5
334.0 , 344.5
334.0 , 344.5
336.5 , 296.5
336.5 , 296.5
339.5 , 257.0
339.5 , 259.0
345.5 , 220.5
345.5 , 220.5
347.5 , 196.5
347.5 , 196.5
347.5 , 196.5
347.5 , 196.5
371.5 , 196.5
371.5 , 196.5
371.5 , 196.5
371.5 , 196.5
363.5 , 156.5
363.5 , 156.5
363.5 , 164.5
363.5 , 164.5

Ball: 28
cover

363.5 , 236.5
363.5 , 236.5
363.5 , 244.5
363.5 , 244.5
379.5 , 172.5
379.5 , 172.5
379.5 , 156.0
379.5 , 156.0
375.5 , 156.5
375.5 , 156.5
373.5 , 168.0
373.5 , 168.0
375.0 , 168.0
375.0 , 168.0
375.0 , 168.5
375.0 , 168.5
375.0 , 168.5
379.5 , 144.5
375.0 , 164.5
375.0 , 164.5

Ball: 29
well-left


379.5 , 276.625
379.5 , 276.625
379.5 , 276.5
379.5 , 276.5
379.5 , 272.5
379.5 , 272.5
379.5 , 268.5
379.5 , 268.5
379.5 , 268.5
379.5 , 268.5
371.5 , 172.5
371.5 , 172.5
363.5 , 164.5
363.5 , 164.5
363.5 , 180.375
363.5 , 180.375
363.5 , 180.375

Ball: 30
cover


419.5 , 140.5
419.5 , 144.5
419.5 , 144.5
419.5 , 144.5
419.5 , 144.5
419.5 , 144.5
330.0 , 156.5
330.0 , 156.5
347.5 , 193.0
347.5 , 193.0
331.5 , 305.0
331.5 , 305.0
338.0 , 260.5
339.5 , 224.5
347.5 , 164.5
347.5 , 164.5
347.5 , 164.5
347.5 , 164.5
363.5 , 196.5
363.5 , 196.5
363.5 , 196.5
363.5 , 204.625
363.5 , 204.5
363.5 , 204.5

Ball: 32
cover

355.5 , 180.5
355.5 , 180.5
363.5 , 180.5
363.5 , 180.5
363.5 , 181.0
331.5 , 276.5
331.5 , 276.5
332.5 , 248.5
332.5 , 253.0
357.0 , 204.5
357.0 , 204.5
362.0 , 204.5
359.5 , 172.5
359.5 , 172.5
363.5 , 180.5
363.5 , 180.5

Ball: 33
cover

394.0 , 252.5
394.0 , 252.5
394.0 , 252.5
394.0 , 253.5
355.5 , 244.5
355.5 , 243.0
395.5 , 252.625
395.5 , 253.0
395.5 , 253.5
395.5 , 252.5
363.5 , 276.5
363.5 , 276.5
363.5 , 276.5
363.5 , 276.5
371.5 , 268.5
371.5 , 268.5
323.5 , 348.5
323.5 , 348.5
331.5 , 280.5
331.5 , 280.5
331.5 , 280.5
331.5 , 280.5
331.5 , 253.071426392
332.5 , 245.5
339.5 , 188.5
339.5 , 188.5
363.5 , 196.5
363.5 , 196.5
355.5 , 172.5
355.5 , 172.5
355.5 , 172.5
355.5 , 180.5
355.5 , 180.5
355.5 , 188.5
355.5 , 188.5
355.5 , 188.5
355.5 , 188.5

Ball: 34
cover

355.5 , 228.5
355.5 , 228.5
347.5 , 229.0
347.5 , 229.0
347.5 , 236.5
347.5 , 236.5
347.5 , 236.5
347.5 , 236.5
351.5 , 242.5
351.5 , 241.0
363.5 , 260.5
363.5 , 260.5
324.5 , 339.5
324.5 , 339.5
331.5 , 244.5
331.5 , 244.5
363.5 , 188.5
363.5 , 188.5
363.5 , 196.5
364.0 , 196.5
363.5 , 196.5
363.5 , 196.5
364.0 , 196.5
363.5 , 196.5
364.0 , 196.5
355.5 , 168.5
355.5 , 168.5
355.375 , 188.5
347.625 , 180.5
347.625 , 180.5
355.5 , 220.5

Ball: 35
cover

355.5 , 228.5
355.5 , 236.5
355.5 , 236.5
355.5 , 236.5
351.5 , 243.0
351.5 , 243.0
351.5 , 244.5
348.0 , 252.5
325.0 , 348.5
325.0 , 348.5
325.0 , 348.5
325.0 , 348.5
325.0 , 308.5
325.0 , 308.5
329.5 , 260.5
329.5 , 260.5
330.0 , 220.5
333.5 , 220.5
363.5 , 195.928573608
363.0 , 196.5
363.5 , 200.5
363.5 , 200.5
363.5 , 200.5
363.5 , 200.5
362.5 , 204.5
355.5 , 172.0
355.625 , 180.5
355.625 , 180.5

Ball: 36
cover

355.5 , 243.0
355.5 , 244.5
351.5 , 253.5
351.5 , 253.5
404.0 , 244.5
324.0 , 340.5
324.0 , 340.5
328.5 , 245.0
329.5 , 239.0
329.5 , 239.0
333.0 , 211.5
363.5 , 188.5
363.5 , 188.5
363.5 , 188.5
363.5 , 188.5
363.5 , 196.5
363.5 , 196.5
363.5 , 200.5
363.5 , 200.5
363.5 , 200.5
363.5 , 200.5
363.5 , 204.5
363.5 , 204.5
363.5 , 204.5
363.5 , 204.5
363.5 , 204.5
363.5 , 204.5
363.5 , 200.5

Ball: 37
cover

363.5 , 200.5
347.5 , 228.5
347.5 , 228.5
347.5 , 232.5
347.5 , 232.5
347.5 , 236.5
347.5 , 236.5
339.5 , 243.0
339.5 , 243.0
339.5 , 243.5
339.5 , 244.5
355.5 , 253.5
355.5 , 253.0
411.5 , 220.5
411.5 , 220.5
411.5 , 220.5
411.5 , 220.5
411.5 , 220.0
411.5 , 220.0
411.5 , 220.5
411.5 , 220.5
411.5 , 220.5
411.5 , 220.5
411.5 , 220.5
411.5 , 220.5
411.5 , 152.5
411.5 , 152.5
411.5 , 160.8125
411.5 , 160.8125
411.5 , 160.8125
411.5 , 160.8125
324.735290527 , 324.735290527
324.735290527 , 324.735290527
324.735290527 , 324.735290527
324.735290527 , 324.735290527
331.0 , 252.5
331.0 , 254.0
330.0 , 224.5
363.5 , 188.5
363.5 , 188.5
364.0 , 196.0
364.0 , 196.0
361.0 , 204.5
361.0 , 204.5
356.0 , 220.5
356.0 , 220.5
356.0 , 220.5
356.5 , 220.5
358.0 , 197.0
358.0 , 197.0
357.0 , 188.5
357.0 , 188.5

Ball: 38
cover

343.0 , 236.5
343.5 , 236.5
355.5 , 204.5
355.5 , 204.625
359.5 , 191.0
363.5 , 176.5
363.5 , 176.5
370.0 , 157.0
370.0 , 156.5
370.0 , 156.5
411.5 , 152.5
411.5 , 152.5
411.5 , 172.5
386.0 , 212.5
386.0 , 212.5
386.0 , 212.5
386.0 , 212.5
386.0 , 212.5
363.5 , 196.5
364.5 , 196.5
364.5 , 196.5
355.5 , 212.5
355.5 , 220.5
355.5 , 220.5
355.5 , 244.5
355.5 , 243.5
355.5 , 243.0
355.5 , 243.0
363.5 , 260.5
363.5 , 260.5

Ball: 39
well-left

363.5 , 180.5
363.5 , 180.5
363.5 , 196.5
363.5 , 196.5
363.5 , 196.5
363.5 , 196.5
419.5 , 164.375
419.5 , 164.375
411.5 , 156.5
411.5 , 156.5
411.5 , 156.5
411.5 , 156.5
411.5 , 160.0
412.0 , 160.5
412.0 , 160.5
412.0 , 160.5
411.5 , 160.5
411.5 , 160.5
411.5 , 160.5
411.5 , 164.5
411.5 , 164.5
411.5 , 164.5
411.5 , 168.5
315.5 , 252.5
315.5 , 252.5
315.5 , 252.5
315.5 , 252.5
318.5 , 208.5
318.5 , 208.5
319.5 , 180.5
319.5 , 180.5
355.0 , 220.5
355.0 , 220.5

Ball: 40
well-left

343.5 , 284.5
379.5 , 272.5
379.5 , 272.5
379.5 , 272.5
379.5 , 272.5
379.5 , 272.5
379.5 , 272.5
379.5 , 272.5
379.5 , 272.5
379.5 , 268.5
379.5 , 268.5
347.5 , 276.5
347.5 , 276.5
412.0 , 160.5
412.0 , 160.5
419.5 , 164.5
419.5 , 164.5
419.5 , 164.5
419.5 , 164.5
332.0 , 268.5
332.0 , 268.5
335.0 , 236.5
335.0 , 236.5
336.0 , 236.5
339.5 , 197.0
339.5 , 197.0
371.5 , 196.5
371.5 , 196.5
364.0 , 172.0
364.0 , 172.0

Ball: 41
cover

363.5 , 212.5
363.5 , 212.5
413.0 , 156.5
413.0 , 156.5
413.0 , 156.5
413.0 , 156.5
413.0 , 156.5
413.0 , 156.5
413.0 , 156.5
413.0 , 156.5
413.0 , 157.0
413.0 , 157.0
413.0 , 156.5
413.0 , 156.5
322.0 , 316.5
322.0 , 316.5
324.5 , 268.5
324.5 , 268.5
326.5 , 236.5
326.5 , 236.5
327.0 , 236.5
328.5 , 200.5
327.0 , 204.0
371.5 , 196.5
371.5 , 196.5
371.5 , 196.5
371.5 , 196.5
371.5 , 196.5
371.5 , 196.5
367.5 , 196.5
367.5 , 196.5
363.5 , 204.5
363.5 , 204.5
368.0 , 196.5
339.5 , 164.5
339.5 , 164.5
359.5 , 200.5
363.5 , 216.1875
363.5 , 216.1875
363.5 , 216.1875
363.5 , 216.1875
363.5 , 236.5
363.5 , 236.5
363.5 , 260.5
363.5 , 260.5

Ball: 42
cover

419.5 , 160.5
429.0 , 188.5
429.0 , 188.5
428.5 , 172.0
428.5 , 172.0
428.5 , 172.0
428.5 , 172.0
427.0 , 156.5
427.0 , 156.5
423.5 , 156.5
423.5 , 156.5
331.0 , 348.5
331.0 , 348.5
331.0 , 296.5
331.0 , 296.5
331.0 , 296.5
331.0 , 296.5
331.5 , 260.5
331.5 , 260.5
339.0 , 212.5
339.0 , 212.5
363.5 , 188.5
363.5 , 188.5
363.5 , 196.5
363.5 , 196.5
362.0 , 200.5
362.0 , 200.5
355.5 , 168.5
355.5 , 168.5
347.5 , 172.5
347.5 , 172.5
347.5 , 172.5
364.0 , 204.5
364.0 , 243.0
363.5 , 243.0
363.5 , 243.0
363.5 , 243.0
363.5 , 243.5

Ball: 43
straight

355.5 , 242.0
355.5 , 242.0
363.5 , 252.5
363.5 , 252.5
413.0 , 172.5
413.0 , 172.5
413.0 , 172.5
413.0 , 172.5
413.0 , 172.5
427.5 , 164.5
427.5 , 164.5
427.5 , 164.5
421.0 , 180.5
420.0 , 168.5
420.0 , 168.5
418.0 , 157.0
418.0 , 157.0
418.0 , 157.0
371.5 , 157.0
371.5 , 157.0
371.5 , 157.0
331.5 , 348.375
331.5 , 348.375
333.0 , 312.5
333.0 , 312.5
339.5 , 257.0
339.0 , 258.5
343.0 , 220.5
343.0 , 220.5
347.5 , 188.5
347.5 , 188.5
347.5 , 188.5
347.5 , 188.5
370.0 , 180.5
370.0 , 180.5
370.0 , 180.5
370.0 , 180.5
363.5 , 168.5
363.5 , 168.5
363.5 , 184.5
363.5 , 184.5
363.5 , 196.5
363.5 , 196.5
363.5 , 204.5
363.5 , 204.5
363.5 , 204.5

Ball: 44
straight
363.5 , 204.5
363.5 , 200.5
363.5 , 200.5
363.5 , 196.5
363.5 , 196.5
367.0 , 197.0
367.0 , 196.5
365.0 , 196.5
365.0 , 196.5
365.0 , 196.5
365.0 , 196.5
365.5 , 197.0
355.5 , 235.0
355.5 , 235.0
404.0 , 156.5
332.0 , 304.5
332.0 , 304.5
340.0 , 216.5
340.0 , 216.5
370.0 , 180.5
370.0 , 180.5
363.5 , 176.5
363.5 , 176.5
363.5 , 176.5
363.5 , 176.5
363.5 , 192.5
363.5 , 192.5
355.5 , 188.5
355.5 , 188.5

Ball: 45
cover

356.0 , 244.5
355.5 , 244.0
347.5 , 251.0
347.5 , 251.0
355.5 , 253.0
355.5 , 254.0
355.5 , 252.5
351.5 , 261.0
351.5 , 261.0
427.5 , 204.5
427.5 , 204.5
427.5 , 204.5
427.5 , 204.5
429.0 , 164.5
429.0 , 164.5
429.0 , 164.5
429.0 , 164.5
426.0 , 164.5
426.0 , 164.5
326.0 , 348.5
326.0 , 348.5
326.0 , 348.5
326.0 , 348.5
330.5 , 250.759262085
330.5 , 258.0
335.0 , 220.5
335.0 , 220.5
339.5 , 188.5
339.5 , 188.5
367.5 , 192.5
367.5 , 192.5
367.5 , 196.5
367.5 , 196.5
371.5 , 196.375
371.5 , 196.375
371.5 , 196.375
355.5 , 164.5
355.5 , 180.5
355.5 , 180.5
359.5 , 200.5
359.5 , 200.5

Ball: 46
cover

362.5 , 204.5
362.5 , 204.5
371.5 , 172.5
371.5 , 172.5
363.5 , 188.5
363.5 , 188.5
419.5 , 156.5
419.5 , 156.5
419.5 , 156.5
419.5 , 156.5
419.5 , 172.5
419.5 , 172.5
315.5 , 156.5
315.5 , 156.5
315.5 , 156.5
315.5 , 156.5
425.5 , 164.5
425.5 , 164.5
426.0 , 164.5
426.0 , 164.5
422.0 , 164.5
422.0 , 164.5
422.0 , 160.5
422.0 , 160.5
422.0 , 160.5
422.0 , 160.5
422.0 , 164.5
422.0 , 164.5
422.0 , 164.5
421.0 , 160.5
422.190093994 , 164.40083313
421.0 , 160.5
421.0 , 164.0
421.0 , 164.5
419.5 , 164.5
419.5 , 164.5
419.5 , 236.625
419.5 , 236.625
419.5 , 236.5
419.5 , 236.5
419.5 , 236.5
419.5 , 236.5
419.5 , 236.5
419.5 , 236.5
419.5 , 236.5
419.5 , 236.5
419.5 , 236.5
419.5 , 236.5
331.0 , 316.5
331.0 , 316.5
331.0 , 276.0
331.0 , 276.0
331.5 , 276.5
331.5 , 276.5
338.0 , 228.5
338.0 , 228.5
339.5 , 196.5
339.5 , 196.5
363.625 , 196.5
363.625 , 196.5
363.5 , 176.5
363.5 , 176.5
363.0 , 208.5
363.5 , 208.766662598
363.5 , 204.5
363.5 , 204.5
363.5 , 204.5
363.5 , 204.5
363.0 , 196.5
363.0 , 196.5
363.0 , 184.5
363.0 , 184.5
367.0 , 188.5
367.0 , 188.5
371.0 , 172.5
371.0 , 172.5
371.0 , 180.0
371.0 , 180.0
371.0 , 180.0
371.0 , 180.0

Ball: 47
cover

297.600982666 , 225.645339966
301.818084717 , 226.000473022
299.5 , 224.5
299.5 , 224.5
305.5 , 224.5
306.0 , 224.5
306.0 , 224.5
304.0 , 224.5
304.5 , 224.0
306.0 , 224.5
306.0 , 224.5
306.0 , 224.5
311.5 , 228.5
314.0 , 228.5
299.5 , 236.5
299.5 , 236.5
302.0 , 236.5
300.5 , 236.5
302.0 , 236.5
305.5 , 224.5
295.5 , 216.0
299.918640137 , 221.651077271
304.0 , 224.5
306.0 , 224.5
306.0 , 224.5
306.0 , 224.5
305.0 , 220.5
312.5 , 212.5
336.5 , 184.5
318.0 , 200.5
338.0 , 180.5
326.0 , 184.5
337.0 , 176.5
326.0 , 180.5
326.0 , 180.5
311.5 , 144.5
314.288848877 , 129.193237305
311.5 , 136.5
310.42855835 , 132.5
311.363647461 , 132.5
309.5 , 132.5
309.963409424 , 132.5
311.363647461 , 132.5
311.363647461 , 132.5
347.5 , 132.5
347.5 , 132.5
324.5 , 292.5
324.5 , 292.5
324.5 , 292.5
324.5 , 292.5
328.0 , 244.5
327.0 , 244.5
347.5 , 156.5
347.5 , 156.5
355.5 , 188.5
355.5 , 188.5
355.5 , 188.5
387.5 , 253.0
387.5 , 252.5
387.5 , 268.5
387.5 , 268.5
396.0 , 252.5
379.5 , 292.5
379.5 , 292.5
396.0 , 252.5

Ball: 49
cover

391.5 , 260.5
391.5 , 260.5
395.5 , 264.5
395.5 , 264.5
396.0 , 264.5
375.5 , 268.5
375.5 , 268.5
375.5 , 268.5
375.5 , 267.0
363.5 , 276.5
363.5 , 276.5
419.5 , 164.375
419.5 , 164.375
424.5 , 156.5
424.5 , 156.5
425.5 , 180.5
425.5 , 180.5
425.5 , 180.5
427.5 , 204.5
434.0 , 188.5
434.0 , 188.5
434.0 , 188.5
419.5 , 220.5
419.5 , 220.5
437.0 , 180.5
437.0 , 180.5
427.5 , 172.5
427.5 , 172.5
427.5 , 172.5
427.5 , 172.5
427.5 , 172.5
427.5 , 148.5
427.5 , 148.5
419.0 , 164.5
419.0 , 164.5
415.5 , 172.5
415.5 , 172.5
418.0 , 172.0
418.0 , 172.0
325.0 , 336.5
325.0 , 336.5
330.0 , 208.5
334.5 , 204.5
330.0 , 208.5
334.5 , 204.5
357.0 , 196.5
357.0 , 196.5
357.5 , 196.5
357.0 , 196.5
355.5 , 164.5
355.5 , 164.5
363.5 , 204.5
363.5 , 205.0
347.5 , 180.5
347.5 , 180.5

Ball: 50
cover

331.0 , 312.5
331.0 , 312.5
332.5 , 260.5
332.5 , 260.5
335.0 , 228.0

Ball: 54
cover

